{"cameraMode":{"drawMode":0,"name":"Shaded","section":"Shading Mode"},"sceneLighting":true,"audioPlay":false,"sceneViewState":{"m_AlwaysRefresh":false,"showFog":true,"showSkybox":true,"showFlares":true,"showImageEffects":true,"showParticleSystems":true,"showVisualEffectGraphs":true,"m_FxEnabled":true},"in2DMode":false,"pivot":{"x":-6.198606491088867,"y":-8.619227409362793,"z":15.424483299255371},"rotation":{"x":0.20039643347263337,"y":-0.33256369829177859,"z":0.07258545607328415,"w":0.9185587167739868},"size":15.364205360412598,"orthographic":false}