{"cameraMode":{"drawMode":0,"name":"Shaded","section":"Shading Mode"},"sceneLighting":true,"audioPlay":false,"sceneViewState":{"m_AlwaysRefresh":false,"showFog":true,"showSkybox":true,"showFlares":true,"showImageEffects":true,"showParticleSystems":true,"showVisualEffectGraphs":true,"m_FxEnabled":true},"in2DMode":false,"pivot":{"x":-0.6898514032363892,"y":-0.9925611019134522,"z":7.324576377868652},"rotation":{"x":0.1422426700592041,"y":0.031794190406799319,"z":-0.004539268556982279,"w":0.9892458915710449},"size":6.733753681182861,"orthographic":false}