{"cameraMode":{"drawMode":0,"name":"Shaded","section":"Shading Mode"},"sceneLighting":true,"audioPlay":false,"sceneViewState":{"m_AlwaysRefresh":false,"showFog":true,"showSkybox":true,"showFlares":true,"showImageEffects":true,"showParticleSystems":true,"showVisualEffectGraphs":true,"m_FxEnabled":true},"in2DMode":false,"pivot":{"x":-2.1482439041137697,"y":1.4997535943984986,"z":-2.628523111343384},"rotation":{"x":-0.22046621143817902,"y":-0.11209271848201752,"z":0.025502467527985574,"w":-0.9685531258583069},"size":1.2669522762298585,"orthographic":false}