{"cameraMode":{"drawMode":0,"name":"Shaded","section":"Shading Mode"},"sceneLighting":true,"audioPlay":false,"sceneViewState":{"m_AlwaysRefresh":false,"showFog":true,"showSkybox":true,"showFlares":true,"showImageEffects":true,"showParticleSystems":true,"showVisualEffectGraphs":true,"m_FxEnabled":true},"in2DMode":false,"pivot":{"x":-1.6582645177841187,"y":-0.9836136102676392,"z":4.159936904907227},"rotation":{"x":0.14676739275455476,"y":-0.005314211826771498,"z":0.0008117210818454623,"w":0.9891052842140198},"size":5.368156909942627,"orthographic":false}