{"cameraMode":{"drawMode":0,"name":"Shaded","section":"Shading Mode"},"sceneLighting":true,"audioPlay":false,"sceneViewState":{"m_AlwaysRefresh":false,"showFog":true,"showSkybox":true,"showFlares":true,"showImageEffects":true,"showParticleSystems":true,"showVisualEffectGraphs":true,"m_FxEnabled":true},"in2DMode":false,"pivot":{"x":-2.1609599590301515,"y":0.6808801889419556,"z":2.321686267852783},"rotation":{"x":0.06833095103502274,"y":-0.3118567168712616,"z":0.022492796182632448,"w":0.9473987817764282},"size":6.539901256561279,"orthographic":false}