{"cameraMode":{"drawMode":0,"name":"Shaded","section":"Shading Mode"},"sceneLighting":true,"audioPlay":false,"sceneViewState":{"m_AlwaysRefresh":false,"showFog":true,"showSkybox":true,"showFlares":true,"showImageEffects":true,"showParticleSystems":true,"showVisualEffectGraphs":true,"m_FxEnabled":true},"in2DMode":false,"pivot":{"x":-0.4497986137866974,"y":-0.5522114634513855,"z":-0.34880301356315615},"rotation":{"x":-0.23219139873981477,"y":0.292449951171875,"z":-0.07343137264251709,"w":-0.9247480034828186},"size":1.2068816423416138,"orthographic":false}