{"cameraMode":{"drawMode":0,"name":"Shaded","section":"Shading Mode"},"sceneLighting":true,"audioPlay":false,"sceneViewState":{"m_AlwaysRefresh":false,"showFog":true,"showSkybox":true,"showFlares":true,"showImageEffects":true,"showParticleSystems":true,"showVisualEffectGraphs":true,"m_FxEnabled":true},"in2DMode":false,"pivot":{"x":334.1527099609375,"y":151.99534606933595,"z":-0.1202850341796875},"rotation":{"x":-0.027152283117175103,"y":-0.1059744730591774,"z":0.0028851001989096405,"w":-0.9939543008804321},"size":363.07470703125,"orthographic":false}