{"cameraMode":{"drawMode":0,"name":"Shaded","section":"Shading Mode"},"sceneLighting":true,"audioPlay":false,"sceneViewState":{"m_AlwaysRefresh":false,"showFog":true,"showSkybox":true,"showFlares":true,"showImageEffects":true,"showParticleSystems":true,"showVisualEffectGraphs":true,"m_FxEnabled":true},"in2DMode":false,"pivot":{"x":3.4950520992279054,"y":9.06445026397705,"z":-27.71759033203125},"rotation":{"x":0.017389707267284395,"y":0.2580048441886902,"z":-0.004644524771720171,"w":0.9659762978553772},"size":5.0219621658325199,"orthographic":false}