{"cameraMode":{"drawMode":0,"name":"Shaded","section":"Shading Mode"},"sceneLighting":true,"audioPlay":false,"sceneViewState":{"m_AlwaysRefresh":false,"showFog":true,"showSkybox":true,"showFlares":true,"showImageEffects":true,"showParticleSystems":true,"showVisualEffectGraphs":true,"m_FxEnabled":true},"in2DMode":false,"pivot":{"x":-2.7463340759277345,"y":1.3270728588104249,"z":-1.0215932130813599},"rotation":{"x":-0.09636201709508896,"y":0.16079047322273255,"z":-0.01580016501247883,"w":-0.98210209608078},"size":1.3132734298706055,"orthographic":false}