{"cameraMode":{"drawMode":0,"name":"Shaded","section":"Shading Mode"},"sceneLighting":true,"audioPlay":false,"sceneViewState":{"m_AlwaysRefresh":false,"showFog":true,"showSkybox":true,"showFlares":true,"showImageEffects":true,"showParticleSystems":true,"showVisualEffectGraphs":true,"m_FxEnabled":true},"in2DMode":false,"pivot":{"x":-0.5163437128067017,"y":0.16310536861419679,"z":2.0675547122955324},"rotation":{"x":-0.13268792629241944,"y":0.16597455739974976,"z":-0.022548703476786615,"w":-0.9768896102905273},"size":2.482614755630493,"orthographic":false}