{"cameraMode":{"drawMode":0,"name":"Shaded","section":"Shading Mode"},"sceneLighting":true,"audioPlay":false,"sceneViewState":{"m_AlwaysRefresh":false,"showFog":true,"showSkybox":true,"showFlares":true,"showImageEffects":true,"showParticleSystems":true,"showVisualEffectGraphs":true,"m_FxEnabled":true},"in2DMode":false,"pivot":{"x":-5.377268314361572,"y":-3.5485057830810549,"z":20.845914840698243},"rotation":{"x":0.11098623275756836,"y":-0.1658385843038559,"z":0.018802113831043245,"w":0.9796813726425171},"size":12.12435531616211,"orthographic":false}