{"cameraMode":{"drawMode":0,"name":"Shaded","section":"Shading Mode"},"sceneLighting":true,"audioPlay":false,"sceneViewState":{"m_AlwaysRefresh":false,"showFog":true,"showSkybox":true,"showFlares":true,"showImageEffects":true,"showParticleSystems":true,"showVisualEffectGraphs":true,"m_FxEnabled":true},"in2DMode":false,"pivot":{"x":-1.6638689041137696,"y":-7.025397300720215,"z":24.983293533325197},"rotation":{"x":0.16864123940467835,"y":-0.06321875005960465,"z":0.010856949724256993,"w":0.9835623502731323},"size":12.12435531616211,"orthographic":false}