{"cameraMode":{"drawMode":0,"name":"Shaded","section":"Shading Mode"},"sceneLighting":true,"audioPlay":false,"sceneViewState":{"m_AlwaysRefresh":false,"showFog":true,"showSkybox":true,"showFlares":true,"showImageEffects":true,"showParticleSystems":true,"showVisualEffectGraphs":true,"m_FxEnabled":true},"in2DMode":false,"pivot":{"x":-7.766668796539307,"y":-10.15169906616211,"z":17.853946685791017},"rotation":{"x":0.23973985016345979,"y":-0.20431505143642426,"z":0.05173475295305252,"w":0.9475874900817871},"size":15.075151443481446,"orthographic":false}