{"cameraMode":{"drawMode":0,"name":"Shaded","section":"Shading Mode"},"sceneLighting":true,"audioPlay":false,"sceneViewState":{"m_AlwaysRefresh":false,"showFog":true,"showSkybox":false,"showFlares":true,"showImageEffects":true,"showParticleSystems":true,"showVisualEffectGraphs":true,"m_FxEnabled":true},"in2DMode":false,"pivot":{"x":0.3250430226325989,"y":-0.4361381232738495,"z":-0.05566820502281189},"rotation":{"x":-0.0644533634185791,"y":-0.008687282912433148,"z":0.0005567576154135168,"w":-0.9978692531585693},"size":2.069415807723999,"orthographic":false}